<?xml version="1.0" encoding="UTF-8" ?>
<!-- 
 *  This file is part of phynx.

 *  phynx is free software; you can redistribute it and/or modify
 *  it under the terms of the GNU General Public License as published by
 *  the Free Software Foundation; either version 3 of the License, or
 *  (at your option) any later version.

 *  phynx is distributed in the hope that it will be useful,
 *  but WITHOUT ANY WARRANTY; without even the implied warranty of
 *  MERCHANTABILITY or FITNESS FOR A PARTICULAR PURPOSE.  See the
 *  GNU General Public License for more details.

 *  You should have received a copy of the GNU General Public License
 *  along with this program.  If not, see <http://www.gnu.org/licenses></http:>.
 * 
 *  2007 - 2023, open3A GmbH - Support@open3A.de
-->
<phynx>
	<plugin>
		<name>Shop</name>
		<menuName>Shop</menuName>
		<collection>mShop</collection>
		
		<icon>./ubiquitous/Shop/Shop.png</icon>
		<folder>../ubiquitous/Shop</folder>

		<adminOnly>false</adminOnly>
		<menuEntryTarget>contentScreen</menuEntryTarget>
		
		<version>4.1</version>

	</plugin>
</phynx>